{
  "rows_total": 11252,
  "rows_train": 9001,
  "rows_valid": 2251,
  "text_is_normalized": true,
  "classes": [
    "excel",
    "telegram",
    "unknown"
  ],
  "accuracy": 0.9986672589960017,
  "macro_f1": 0.9972029162832854,
  "weighted_f1": 0.9986687776933021,
  "classification_report": {
    "excel": {
      "precision": 0.98989898989899,
      "recall": 1.0,
      "f1-score": 0.9949238578680203,
      "support": 196.0
    },
    "telegram": {
      "precision": 1.0,
      "recall": 0.995,
      "f1-score": 0.9974937343358395,
      "support": 200.0
    },
    "unknown": {
      "precision": 0.9994606256742179,
      "recall": 0.9989218328840971,
      "f1-score": 0.9991911566459962,
      "support": 1855.0
    },
    "accuracy": 0.9986672589960017,
    "macro avg": {
      "precision": 0.9964532051910693,
      "recall": 0.997973944294699,
      "f1-score": 0.9972029162832854,
      "support": 2251.0
    },
    "weighted avg": {
      "precision": 0.9986759940674704,
      "recall": 0.9986672589960017,
      "f1-score": 0.9986687776933021,
      "support": 2251.0
    }
  }
}