{
  "model_path": "C:\\Users\\gerychhh_\\beavis_agent\\python_agent\\models\\volume_set_arg_model.joblib",
  "dataset_dir": "C:\\Users\\gerychhh_\\beavis_agent\\python_agent\\data\\volume_set\\processed",
  "random_state": 42,
  "metrics": [
    {
      "name": "action_model",
      "accuracy": 0.9967094438960185,
      "macro_f1": 0.9905590752041981,
      "weighted_f1": 0.9967270292028259,
      "train_samples": 48624,
      "test_samples": 12156,
      "classes": 5
    },
    {
      "name": "value_model",
      "accuracy": 0.98749588680487,
      "macro_f1": 0.9861243229267005,
      "weighted_f1": 0.9873748990228937,
      "train_samples": 48621,
      "test_samples": 12156,
      "classes": 102
    },
    {
      "name": "vague_model",
      "accuracy": 0.9924242424242424,
      "macro_f1": 0.9925071858228177,
      "weighted_f1": 0.9924240330262241,
      "train_samples": 3695,
      "test_samples": 924,
      "classes": 18
    }
  ]
}