{
  "rows_total": 104042,
  "rows_train": 78031,
  "rows_valid": 26011,
  "text_is_normalized": true,
  "classes": [
    "open_app",
    "unknown",
    "volume_set",
    "window_control",
    "window_layout"
  ],
  "accuracy": 0.998154626888624,
  "macro_f1": 0.9979278642607567,
  "weighted_f1": 0.9981525887841078,
  "classification_report": {
    "open_app": {
      "precision": 0.9974660021961315,
      "recall": 0.9997460209955977,
      "f1-score": 0.9986047101602469,
      "support": 11812.0
    },
    "unknown": {
      "precision": 0.996524761077324,
      "recall": 0.9907860639216816,
      "f1-score": 0.9936471267686977,
      "support": 3473.0
    },
    "volume_set": {
      "precision": 1.0,
      "recall": 0.9967793880837359,
      "f1-score": 0.9983870967741936,
      "support": 3726.0
    },
    "window_control": {
      "precision": 0.9988581216100485,
      "recall": 0.9997142857142857,
      "f1-score": 0.9992860202770242,
      "support": 3500.0
    },
    "window_layout": {
      "precision": 0.9994288977727013,
      "recall": 1.0,
      "f1-score": 0.9997143673236218,
      "support": 3500.0
    },
    "accuracy": 0.998154626888624,
    "macro avg": {
      "precision": 0.9984555565312411,
      "recall": 0.9974051517430602,
      "f1-score": 0.9979278642607567,
      "support": 26011.0
    },
    "weighted avg": {
      "precision": 0.998154760716692,
      "recall": 0.998154626888624,
      "f1-score": 0.9981525887841078,
      "support": 26011.0
    }
  }
}