{
  "rows_total": 79024,
  "rows_train": 59268,
  "rows_valid": 19756,
  "text_is_normalized": true,
  "classes": [
    "open_app",
    "unknown",
    "volume_set",
    "window_control",
    "window_layout"
  ],
  "accuracy": 0.9984308564486738,
  "macro_f1": 0.9961710605436132,
  "weighted_f1": 0.9984220346984924,
  "classification_report": {
    "open_app": {
      "precision": 0.9974235465441917,
      "recall": 1.0,
      "f1-score": 0.9987101116033874,
      "support": 8904.0
    },
    "unknown": {
      "precision": 1.0,
      "recall": 0.969309462915601,
      "f1-score": 0.9844155844155844,
      "support": 782.0
    },
    "volume_set": {
      "precision": 0.999079754601227,
      "recall": 0.9978553921568627,
      "f1-score": 0.9984671980380135,
      "support": 3264.0
    },
    "window_control": {
      "precision": 0.9991012582384662,
      "recall": 1.0,
      "f1-score": 0.9995504270942605,
      "support": 3335.0
    },
    "window_layout": {
      "precision": 0.9994241289951051,
      "recall": 1.0,
      "f1-score": 0.9997119815668203,
      "support": 3471.0
    },
    "accuracy": 0.9984308564486738,
    "macro avg": {
      "precision": 0.9990057376757979,
      "recall": 0.9934329710144928,
      "f1-score": 0.9961710605436132,
      "support": 19756.0
    },
    "weighted avg": {
      "precision": 0.9984338644166421,
      "recall": 0.9984308564486738,
      "f1-score": 0.9984220346984924,
      "support": 19756.0
    }
  }
}