{
  "rows_total": 76976,
  "rows_train": 57732,
  "rows_valid": 19244,
  "text_is_normalized": true,
  "classes": [
    "open_app",
    "unknown",
    "volume_set",
    "window_control",
    "window_layout"
  ],
  "accuracy": 0.9996882145084182,
  "macro_f1": 0.9996730617382733,
  "weighted_f1": 0.9996882195116601,
  "classification_report": {
    "open_app": {
      "precision": 0.9998020194020986,
      "recall": 1.0,
      "f1-score": 0.9999009999009999,
      "support": 5050.0
    },
    "unknown": {
      "precision": 0.9985615650172612,
      "recall": 0.9997119815668203,
      "f1-score": 0.9991364421416234,
      "support": 3472.0
    },
    "volume_set": {
      "precision": 1.0,
      "recall": 0.9986566362170876,
      "f1-score": 0.9993278666487431,
      "support": 3722.0
    },
    "window_control": {
      "precision": 1.0,
      "recall": 1.0,
      "f1-score": 1.0,
      "support": 3500.0
    },
    "window_layout": {
      "precision": 1.0,
      "recall": 1.0,
      "f1-score": 1.0,
      "support": 3500.0
    },
    "accuracy": 0.9996882145084182,
    "macro avg": {
      "precision": 0.999672716883872,
      "recall": 0.9996737235567815,
      "f1-score": 0.9996730617382733,
      "support": 19244.0
    },
    "weighted avg": {
      "precision": 0.9996885237851034,
      "recall": 0.9996882145084182,
      "f1-score": 0.9996882195116601,
      "support": 19244.0
    }
  }
}