{
  "dataset_rows": 49478,
  "train_rows": 39582,
  "validation_rows": 9896,
  "train_seconds": 6.16,
  "action": {
    "accuracy": 0.9998989490703315,
    "macro_f1": 0.999907240744295,
    "weighted_f1": 0.9998989546660906,
    "classes": [
      "close",
      "maximize",
      "minimize",
      "restore",
      "unknown"
    ]
  },
  "target": {
    "accuracy": 0.9968674211802748,
    "macro_f1": 0.9976922573283482,
    "weighted_f1": 0.9969009886923758,
    "num_classes": 67
  }
}